claim_id,market,product_line,reported_date,closed_date,status,incurred_amount_eur
CLM-0001,Germany,Auto,2025-01-01,,Open,700
CLM-0002,Germany,Auto,2025-01-04,,Open,837
CLM-0003,Germany,Auto,2025-01-07,,Open,974
CLM-0004,Germany,Auto,2025-01-10,2025-02-09,Closed,1111
CLM-0005,Germany,Auto,2025-01-13,2025-02-19,Closed,1248
CLM-0006,Germany,Auto,2025-01-16,2025-02-14,Closed,1385
CLM-0007,Germany,Auto,2025-01-19,2025-02-24,Closed,1522
CLM-0008,Germany,Auto,2025-01-22,2025-02-19,Closed,1659
CLM-0009,Germany,Auto,2025-01-25,2025-03-01,Closed,1796
CLM-0010,Germany,Auto,2025-01-28,2025-02-24,Closed,1933
CLM-0011,Germany,Auto,2025-01-31,2025-03-06,Closed,2070
CLM-0012,Germany,Auto,2025-02-03,2025-03-01,Closed,2207
CLM-0013,Germany,Auto,2025-02-06,2025-03-11,Closed,2344
CLM-0014,Germany,Auto,2025-02-09,2025-03-06,Closed,2481
CLM-0015,Germany,Auto,2025-02-12,2025-03-16,Closed,2618
CLM-0016,Germany,Auto,2025-02-15,2025-03-11,Closed,2755
CLM-0017,Germany,Auto,2025-02-18,2025-03-21,Closed,2892
CLM-0018,Germany,Auto,2025-02-21,2025-03-31,Closed,3029
CLM-0019,Germany,Auto,2025-02-24,2025-03-26,Closed,3166
CLM-0020,Germany,Auto,2025-02-27,2025-04-05,Closed,3303
CLM-0021,Germany,Home,2025-01-03,,Open,497
CLM-0022,Germany,Home,2025-01-06,,Open,634
CLM-0023,Germany,Home,2025-01-09,,Open,771
CLM-0024,Germany,Home,2025-01-12,2025-02-12,Closed,908
CLM-0025,Germany,Home,2025-01-15,2025-02-07,Closed,1045
CLM-0026,Germany,Home,2025-01-18,2025-02-17,Closed,1182
CLM-0027,Germany,Home,2025-01-21,2025-02-12,Closed,1319
CLM-0028,Germany,Home,2025-01-24,2025-02-22,Closed,1456
CLM-0029,Germany,Home,2025-01-27,2025-03-04,Closed,1593
CLM-0030,Germany,Home,2025-01-30,2025-02-27,Closed,1730
CLM-0031,Germany,Home,2025-02-02,2025-03-09,Closed,1867
CLM-0032,Germany,Home,2025-02-05,2025-03-04,Closed,2004
CLM-0033,Germany,Home,2025-02-08,2025-03-14,Closed,2141
CLM-0034,Germany,Home,2025-02-11,2025-03-09,Closed,2278
CLM-0035,Germany,Home,2025-02-14,2025-03-19,Closed,2415
CLM-0036,Germany,Home,2025-02-17,2025-03-14,Closed,2552
CLM-0037,Germany,Home,2025-02-20,2025-03-24,Closed,2689
CLM-0038,Germany,Home,2025-02-23,2025-03-19,Closed,2826
CLM-0039,Germany,Home,2025-02-26,2025-03-29,Closed,2963
CLM-0040,Germany,Home,2025-03-01,2025-03-24,Closed,3100
CLM-0041,Germany,Travel,2025-01-05,,Open,294
CLM-0042,Germany,Travel,2025-01-08,,Open,431
CLM-0043,Germany,Travel,2025-01-11,,Open,568
CLM-0044,Germany,Travel,2025-01-14,2025-02-11,Closed,705
CLM-0045,Germany,Travel,2025-01-17,2025-02-06,Closed,842
CLM-0046,Germany,Travel,2025-01-20,2025-02-16,Closed,979
CLM-0047,Germany,Travel,2025-01-23,2025-02-11,Closed,1116
CLM-0048,Germany,Travel,2025-01-26,2025-02-21,Closed,1253
CLM-0049,Germany,Travel,2025-01-29,2025-02-16,Closed,1390
CLM-0050,Germany,Travel,2025-02-01,2025-02-26,Closed,1527
CLM-0051,Germany,Travel,2025-02-04,2025-02-21,Closed,1664
CLM-0052,Germany,Travel,2025-02-07,2025-03-03,Closed,1801
CLM-0053,Germany,Travel,2025-02-10,2025-02-26,Closed,138
CLM-0054,Germany,Travel,2025-02-13,2025-03-08,Closed,275
CLM-0055,Germany,Travel,2025-02-16,2025-03-18,Closed,412
CLM-0056,Germany,Travel,2025-02-19,2025-03-13,Closed,549
CLM-0057,Germany,Travel,2025-02-22,2025-03-23,Closed,686
CLM-0058,Germany,Travel,2025-02-25,2025-03-18,Closed,823
CLM-0059,Germany,Travel,2025-02-28,2025-03-28,Closed,960
CLM-0060,Germany,Travel,2025-03-03,2025-03-23,Closed,1097
CLM-0061,Switzerland,Auto,2025-01-08,,Open,911
CLM-0062,Switzerland,Auto,2025-01-11,,Open,1048
CLM-0063,Switzerland,Auto,2025-01-14,2025-02-03,Closed,1185
CLM-0064,Switzerland,Auto,2025-01-17,2025-02-13,Closed,1322
CLM-0065,Switzerland,Auto,2025-01-20,2025-02-23,Closed,1459
CLM-0066,Switzerland,Auto,2025-01-23,2025-02-18,Closed,1596
CLM-0067,Switzerland,Auto,2025-01-26,2025-02-28,Closed,1733
CLM-0068,Switzerland,Auto,2025-01-29,2025-02-23,Closed,1870
CLM-0069,Switzerland,Auto,2025-02-01,2025-03-05,Closed,2007
CLM-0070,Switzerland,Auto,2025-02-04,2025-02-28,Closed,2144
CLM-0071,Switzerland,Auto,2025-02-07,2025-03-10,Closed,2281
CLM-0072,Switzerland,Auto,2025-02-10,2025-03-05,Closed,2418
CLM-0073,Switzerland,Auto,2025-02-13,2025-03-15,Closed,2555
CLM-0074,Switzerland,Auto,2025-02-16,2025-03-10,Closed,2692
CLM-0075,Switzerland,Auto,2025-02-19,2025-03-20,Closed,2829
CLM-0076,Switzerland,Auto,2025-02-22,2025-03-15,Closed,2966
CLM-0077,Switzerland,Auto,2025-02-25,2025-03-25,Closed,3103
CLM-0078,Switzerland,Auto,2025-02-28,2025-03-20,Closed,3240
CLM-0079,Switzerland,Auto,2025-03-03,2025-03-30,Closed,3377
CLM-0080,Switzerland,Auto,2025-03-06,2025-04-09,Closed,3514
CLM-0081,Switzerland,Home,2025-01-10,,Open,708
CLM-0082,Switzerland,Home,2025-01-13,,Open,845
CLM-0083,Switzerland,Home,2025-01-16,2025-02-06,Closed,982
CLM-0084,Switzerland,Home,2025-01-19,2025-02-16,Closed,1119
CLM-0085,Switzerland,Home,2025-01-22,2025-02-11,Closed,1256
CLM-0086,Switzerland,Home,2025-01-25,2025-02-21,Closed,1393
CLM-0087,Switzerland,Home,2025-01-28,2025-02-16,Closed,1530
CLM-0088,Switzerland,Home,2025-01-31,2025-02-26,Closed,1667
CLM-0089,Switzerland,Home,2025-02-03,2025-02-21,Closed,1804
CLM-0090,Switzerland,Home,2025-02-06,2025-03-03,Closed,1941
CLM-0091,Switzerland,Home,2025-02-09,2025-03-13,Closed,2078
CLM-0092,Switzerland,Home,2025-02-12,2025-03-08,Closed,2215
CLM-0093,Switzerland,Home,2025-02-15,2025-03-18,Closed,2352
CLM-0094,Switzerland,Home,2025-02-18,2025-03-13,Closed,2489
CLM-0095,Switzerland,Home,2025-02-21,2025-03-23,Closed,2626
CLM-0096,Switzerland,Home,2025-02-24,2025-03-18,Closed,2763
CLM-0097,Switzerland,Home,2025-02-27,2025-03-28,Closed,2900
CLM-0098,Switzerland,Home,2025-03-02,2025-03-23,Closed,3037
CLM-0099,Switzerland,Home,2025-03-05,2025-04-02,Closed,3174
CLM-0100,Switzerland,Home,2025-03-08,2025-03-28,Closed,3311
CLM-0101,Switzerland,Travel,2025-01-12,,Open,505
CLM-0102,Switzerland,Travel,2025-01-15,,Open,642
CLM-0103,Switzerland,Travel,2025-01-18,2025-02-05,Closed,779
CLM-0104,Switzerland,Travel,2025-01-21,2025-02-15,Closed,916
CLM-0105,Switzerland,Travel,2025-01-24,2025-02-10,Closed,1053
CLM-0106,Switzerland,Travel,2025-01-27,2025-02-20,Closed,1190
CLM-0107,Switzerland,Travel,2025-01-30,2025-02-15,Closed,1327
CLM-0108,Switzerland,Travel,2025-02-02,2025-02-25,Closed,1464
CLM-0109,Switzerland,Travel,2025-02-05,2025-02-20,Closed,1601
CLM-0110,Switzerland,Travel,2025-02-08,2025-03-02,Closed,1738
CLM-0111,Switzerland,Travel,2025-02-11,2025-02-25,Closed,1875
CLM-0112,Switzerland,Travel,2025-02-14,2025-03-07,Closed,212
CLM-0113,Switzerland,Travel,2025-02-17,2025-03-02,Closed,349
CLM-0114,Switzerland,Travel,2025-02-20,2025-03-12,Closed,486
CLM-0115,Switzerland,Travel,2025-02-23,2025-03-07,Closed,623
CLM-0116,Switzerland,Travel,2025-02-26,2025-03-17,Closed,760
CLM-0117,Switzerland,Travel,2025-03-01,2025-03-27,Closed,897
CLM-0118,Switzerland,Travel,2025-03-04,2025-03-22,Closed,1034
CLM-0119,Switzerland,Travel,2025-03-07,2025-04-01,Closed,1171
CLM-0120,Switzerland,Travel,2025-03-10,2025-03-27,Closed,1308
CLM-0121,France,Auto,2025-01-15,,Open,1122
CLM-0122,France,Auto,2025-01-18,,Open,1259
CLM-0123,France,Auto,2025-01-21,,Open,1396
CLM-0124,France,Auto,2025-01-24,,Open,1533
CLM-0125,France,Auto,2025-01-27,,Open,1670
CLM-0126,France,Auto,2025-01-30,2025-03-08,Closed,1807
CLM-0127,France,Auto,2025-02-02,2025-03-18,Closed,1944
CLM-0128,France,Auto,2025-02-05,2025-03-13,Closed,2081
CLM-0129,France,Auto,2025-02-08,2025-03-23,Closed,2218
CLM-0130,France,Auto,2025-02-11,2025-03-18,Closed,2355
CLM-0131,France,Auto,2025-02-14,2025-03-28,Closed,2492
CLM-0132,France,Auto,2025-02-17,2025-03-23,Closed,2629
CLM-0133,France,Auto,2025-02-20,2025-04-02,Closed,2766
CLM-0134,France,Auto,2025-02-23,2025-03-28,Closed,2903
CLM-0135,France,Auto,2025-02-26,2025-04-07,Closed,3040
CLM-0136,France,Auto,2025-03-01,2025-04-02,Closed,3177
CLM-0137,France,Auto,2025-03-04,2025-04-12,Closed,3314
CLM-0138,France,Auto,2025-03-07,2025-04-07,Closed,3451
CLM-0139,France,Auto,2025-03-10,2025-04-17,Closed,3588
CLM-0140,France,Auto,2025-03-13,2025-04-12,Closed,3725
CLM-0141,France,Home,2025-01-17,,Open,919
CLM-0142,France,Home,2025-01-20,,Open,1056
CLM-0143,France,Home,2025-01-23,,Open,1193
CLM-0144,France,Home,2025-01-26,,Open,1330
CLM-0145,France,Home,2025-01-29,,Open,1467
CLM-0146,France,Home,2025-02-01,2025-03-11,Closed,1604
CLM-0147,France,Home,2025-02-04,2025-03-06,Closed,1741
CLM-0148,France,Home,2025-02-07,2025-03-16,Closed,1878
CLM-0149,France,Home,2025-02-10,2025-03-11,Closed,2015
CLM-0150,France,Home,2025-02-13,2025-03-21,Closed,2152
CLM-0151,France,Home,2025-02-16,2025-03-16,Closed,2289
CLM-0152,France,Home,2025-02-19,2025-03-26,Closed,2426
CLM-0153,France,Home,2025-02-22,2025-04-05,Closed,2563
CLM-0154,France,Home,2025-02-25,2025-03-31,Closed,2700
CLM-0155,France,Home,2025-02-28,2025-04-10,Closed,2837
CLM-0156,France,Home,2025-03-03,2025-04-05,Closed,2974
CLM-0157,France,Home,2025-03-06,2025-04-15,Closed,3111
CLM-0158,France,Home,2025-03-09,2025-04-10,Closed,3248
CLM-0159,France,Home,2025-03-12,2025-04-20,Closed,3385
CLM-0160,France,Home,2025-03-15,2025-04-15,Closed,522
CLM-0161,France,Travel,2025-01-19,,Open,716
CLM-0162,France,Travel,2025-01-22,,Open,853
CLM-0163,France,Travel,2025-01-25,,Open,990
CLM-0164,France,Travel,2025-01-28,,Open,1127
CLM-0165,France,Travel,2025-01-31,,Open,1264
CLM-0166,France,Travel,2025-02-03,2025-03-10,Closed,1401
CLM-0167,France,Travel,2025-02-06,2025-03-05,Closed,1538
CLM-0168,France,Travel,2025-02-09,2025-03-15,Closed,1675
CLM-0169,France,Travel,2025-02-12,2025-03-10,Closed,1812
CLM-0170,France,Travel,2025-02-15,2025-03-20,Closed,149
CLM-0171,France,Travel,2025-02-18,2025-03-15,Closed,286
CLM-0172,France,Travel,2025-02-21,2025-03-25,Closed,423
CLM-0173,France,Travel,2025-02-24,2025-03-20,Closed,560
CLM-0174,France,Travel,2025-02-27,2025-03-30,Closed,697
CLM-0175,France,Travel,2025-03-02,2025-03-25,Closed,834
CLM-0176,France,Travel,2025-03-05,2025-04-04,Closed,971
CLM-0177,France,Travel,2025-03-08,2025-03-30,Closed,1108
CLM-0178,France,Travel,2025-03-11,2025-04-09,Closed,1245
CLM-0179,France,Travel,2025-03-14,2025-04-19,Closed,1382
CLM-0180,France,Travel,2025-03-17,2025-04-14,Closed,1519
CLM-0181,Netherlands,Auto,2025-01-22,,Open,1333
CLM-0182,Netherlands,Auto,2025-01-25,2025-02-22,Closed,1470
CLM-0183,Netherlands,Auto,2025-01-28,2025-02-17,Closed,1607
CLM-0184,Netherlands,Auto,2025-01-31,2025-02-27,Closed,1744
CLM-0185,Netherlands,Auto,2025-02-03,2025-02-22,Closed,1881
CLM-0186,Netherlands,Auto,2025-02-06,2025-03-04,Closed,2018
CLM-0187,Netherlands,Auto,2025-02-09,2025-02-27,Closed,2155
CLM-0188,Netherlands,Auto,2025-02-12,2025-03-09,Closed,2292
CLM-0189,Netherlands,Auto,2025-02-15,2025-03-19,Closed,2429
CLM-0190,Netherlands,Auto,2025-02-18,2025-03-14,Closed,2566
CLM-0191,Netherlands,Auto,2025-02-21,2025-03-24,Closed,2703
CLM-0192,Netherlands,Auto,2025-02-24,2025-03-19,Closed,2840
CLM-0193,Netherlands,Auto,2025-02-27,2025-03-29,Closed,2977
CLM-0194,Netherlands,Auto,2025-03-02,2025-03-24,Closed,3114
CLM-0195,Netherlands,Auto,2025-03-05,2025-04-03,Closed,3251
CLM-0196,Netherlands,Auto,2025-03-08,2025-03-29,Closed,3388
CLM-0197,Netherlands,Auto,2025-03-11,2025-04-08,Closed,3525
CLM-0198,Netherlands,Auto,2025-03-14,2025-04-03,Closed,3662
CLM-0199,Netherlands,Auto,2025-03-17,2025-04-13,Closed,3799
CLM-0200,Netherlands,Auto,2025-03-20,2025-04-08,Closed,3936
CLM-0201,Netherlands,Home,2025-01-24,,Open,1130
CLM-0202,Netherlands,Home,2025-01-27,2025-02-25,Closed,1267
CLM-0203,Netherlands,Home,2025-01-30,2025-02-20,Closed,1404
CLM-0204,Netherlands,Home,2025-02-02,2025-03-02,Closed,1541
CLM-0205,Netherlands,Home,2025-02-05,2025-02-25,Closed,1678
CLM-0206,Netherlands,Home,2025-02-08,2025-03-07,Closed,1815
CLM-0207,Netherlands,Home,2025-02-11,2025-03-02,Closed,1952
CLM-0208,Netherlands,Home,2025-02-14,2025-03-12,Closed,2089
CLM-0209,Netherlands,Home,2025-02-17,2025-03-07,Closed,2226
CLM-0210,Netherlands,Home,2025-02-20,2025-03-17,Closed,2363
CLM-0211,Netherlands,Home,2025-02-23,2025-03-12,Closed,2500
CLM-0212,Netherlands,Home,2025-02-26,2025-03-22,Closed,2637
CLM-0213,Netherlands,Home,2025-03-01,2025-03-17,Closed,2774
CLM-0214,Netherlands,Home,2025-03-04,2025-03-27,Closed,2911
CLM-0215,Netherlands,Home,2025-03-07,2025-04-06,Closed,3048
CLM-0216,Netherlands,Home,2025-03-10,2025-04-01,Closed,3185
CLM-0217,Netherlands,Home,2025-03-13,2025-04-11,Closed,3322
CLM-0218,Netherlands,Home,2025-03-16,2025-04-06,Closed,459
CLM-0219,Netherlands,Home,2025-03-19,2025-04-16,Closed,596
CLM-0220,Netherlands,Home,2025-03-22,2025-04-11,Closed,733
CLM-0221,Netherlands,Travel,2025-01-26,,Open,927
CLM-0222,Netherlands,Travel,2025-01-29,2025-02-09,Closed,1064
CLM-0223,Netherlands,Travel,2025-02-01,2025-02-19,Closed,1201
CLM-0224,Netherlands,Travel,2025-02-04,2025-02-14,Closed,1338
CLM-0225,Netherlands,Travel,2025-02-07,2025-02-24,Closed,1475
CLM-0226,Netherlands,Travel,2025-02-10,2025-03-06,Closed,1612
CLM-0227,Netherlands,Travel,2025-02-13,2025-03-01,Closed,1749
CLM-0228,Netherlands,Travel,2025-02-16,2025-03-11,Closed,1886
CLM-0229,Netherlands,Travel,2025-02-19,2025-03-06,Closed,223
CLM-0230,Netherlands,Travel,2025-02-22,2025-03-16,Closed,360
CLM-0231,Netherlands,Travel,2025-02-25,2025-03-11,Closed,497
CLM-0232,Netherlands,Travel,2025-02-28,2025-03-21,Closed,634
CLM-0233,Netherlands,Travel,2025-03-03,2025-03-16,Closed,771
CLM-0234,Netherlands,Travel,2025-03-06,2025-03-26,Closed,908
CLM-0235,Netherlands,Travel,2025-03-09,2025-03-21,Closed,1045
CLM-0236,Netherlands,Travel,2025-03-12,2025-03-31,Closed,1182
CLM-0237,Netherlands,Travel,2025-03-15,2025-03-26,Closed,1319
CLM-0238,Netherlands,Travel,2025-03-18,2025-04-05,Closed,1456
CLM-0239,Netherlands,Travel,2025-03-21,2025-03-31,Closed,1593
CLM-0240,Netherlands,Travel,2025-03-24,2025-04-10,Closed,1730
